sequence_id,target,x_Left_hand_0,y_Left_hand_0,x_Left_hand_1,y_Left_hand_1,x_Left_hand_2,y_Left_hand_2,x_Left_hand_3,y_Left_hand_3,x_Left_hand_4,y_Left_hand_4,x_Left_hand_5,y_Left_hand_5,x_Left_hand_6,y_Left_hand_6,x_Left_hand_7,y_Left_hand_7,x_Left_hand_8,y_Left_hand_8,x_Left_hand_9,y_Left_hand_9,x_Left_hand_10,y_Left_hand_10,x_Left_hand_11,y_Left_hand_11,x_Left_hand_12,y_Left_hand_12,x_Left_hand_13,y_Left_hand_13,x_Left_hand_14,y_Left_hand_14,x_Left_hand_15,y_Left_hand_15,x_Left_hand_16,y_Left_hand_16,x_Left_hand_17,y_Left_hand_17,x_Left_hand_18,y_Left_hand_18,x_Left_hand_19,y_Left_hand_19,x_Left_hand_20,y_Left_hand_20,x_Right_hand_0,y_Right_hand_0,x_Right_hand_1,y_Right_hand_1,x_Right_hand_2,y_Right_hand_2,x_Right_hand_3,y_Right_hand_3,x_Right_hand_4,y_Right_hand_4,x_Right_hand_5,y_Right_hand_5,x_Right_hand_6,y_Right_hand_6,x_Right_hand_7,y_Right_hand_7,x_Right_hand_8,y_Right_hand_8,x_Right_hand_9,y_Right_hand_9,x_Right_hand_10,y_Right_hand_10,x_Right_hand_11,y_Right_hand_11,x_Right_hand_12,y_Right_hand_12,x_Right_hand_13,y_Right_hand_13,x_Right_hand_14,y_Right_hand_14,x_Right_hand_15,y_Right_hand_15,x_Right_hand_16,y_Right_hand_16,x_Right_hand_17,y_Right_hand_17,x_Right_hand_18,y_Right_hand_18,x_Right_hand_19,y_Right_hand_19,x_Right_hand_20,y_Right_hand_20
1,a,0.41114386916160583,0.7204148173332214,0.4305959939956665,0.6744616627693176,0.43784433603286743,0.6256111264228821,0.43297889828681946,0.5886918902397156,0.42735403776168823,0.55556720495224,0.40397053956985474,0.6465635895729065,0.4590180814266205,0.660084068775177,0.44860532879829407,0.6655864715576172,0.4301530420780182,0.6581011414527893,0.3922477066516876,0.6748218536376953,0.45843926072120667,0.6876176595687866,0.4430258572101593,0.688642144203186,0.4244334399700165,0.6815649271011353,0.390066534280777,0.701991856098175,0.45318013429641724,0.7127871513366699,0.4391835331916809,0.7133758068084717,0.4240477383136749,0.7073851227760315,0.39345434308052063,0.724980354309082,0.442364364862442,0.7310006618499756,0.4330914318561554,0.7288966178894043,0.41758838295936584,0.7250499129295349,,,,,,,,,,,,,,,,,,,,,,,,,,,,,,,,,,,,,,,,,,
2,c,0.2712642550468445,0.5368382930755615,0.3123475909233093,0.5192182064056396,0.343723863363266,0.49593937397003174,0.37008869647979736,0.48220571875572205,0.3879217505455017,0.46544429659843445,0.31039074063301086,0.4316972494125366,0.31476882100105286,0.38662856817245483,0.3359996974468231,0.37811729311943054,0.35034945607185364,0.38151654601097107,0.28944650292396545,0.4310685396194458,0.3297889232635498,0.42544978857040405,0.3240272104740143,0.46438443660736084,0.31073474884033203,0.4723004698753357,0.27117738127708435,0.43615099787712097,0.31172409653663635,0.43881240487098694,0.3062748610973358,0.4730321168899536,0.2918327748775482,0.47517824172973633,0.25163134932518005,0.4457286298274994,0.2863214910030365,0.44753116369247437,0.28639620542526245,0.47206562757492065,0.27147844433784485,0.47453027963638306,,,,,,,,,,,,,,,,,,,,,,,,,,,,,,,,,,,,,,,,,,
3,a,0.28443557024002075,0.5617671012878418,0.29576826095581055,0.5351464152336121,0.32068943977355957,0.5059010982513428,0.333603173494339,0.48311835527420044,0.33585116267204285,0.462272047996521,0.3161858916282654,0.5055877566337585,0.3643984794616699,0.5095890164375305,0.35570409893989563,0.5196263790130615,0.3397614359855652,0.5212334394454956,0.3135577440261841,0.526370108127594,0.3671703338623047,0.5329977869987488,0.3549008369445801,0.5406053066253662,0.33625006675720215,0.5392693877220154,0.3132546544075012,0.5485883355140686,0.36308977007865906,0.5528572797775269,0.35103291273117065,0.5579802393913269,0.3329123556613922,0.5576825737953186,0.31449446082115173,0.5698429346084595,0.35382550954818726,0.5712774395942688,0.34721747040748596,0.5726399421691895,0.3328052759170532,0.5715234875679016,,,,,,,,,,,,,,,,,,,,,,,,,,,,,,,,,,,,,,,,,,
4,b,0.3305623531341553,0.59134840965271,0.3580469787120819,0.5760992169380188,0.36877405643463135,0.5482727885246277,0.3725947439670563,0.5295382738113403,0.37306079268455505,0.5246766805648804,0.355881005525589,0.5104957222938538,0.35430777072906494,0.4773760437965393,0.35431429743766785,0.4552565813064575,0.3539966344833374,0.4358389675617218,0.3490952253341675,0.5091308951377869,0.34840258955955505,0.47374796867370605,0.34848856925964355,0.4476865231990814,0.3469075858592987,0.42588740587234497,0.34132474660873413,0.5111969113349915,0.34259894490242004,0.4765685498714447,0.3433835804462433,0.4522676169872284,0.34260281920433044,0.43187999725341797,0.33366212248802185,0.5170975923538208,0.3362314701080322,0.48785051703453064,0.33921462297439575,0.46792423725128174,0.3412400782108307,0.45117050409317017,,,,,,,,,,,,,,,,,,,,,,,,,,,,,,,,,,,,,,,,,,
5,b,0.20980587601661682,0.5758686661720276,0.24461199343204498,0.5602098703384399,0.2585897445678711,0.5256014466285706,0.2244892716407776,0.49518269300460815,0.19029846787452698,0.4808155298233032,0.2690722644329071,0.46636325120925903,0.27888309955596924,0.41784244775772095,0.28168442845344543,0.38780754804611206,0.2819681763648987,0.36207273602485657,0.24502649903297424,0.45625510811805725,0.25581470131874084,0.4024364650249481,0.2604968547821045,0.36699551343917847,0.2636920213699341,0.3381432294845581,0.22093409299850464,0.4564990997314453,0.23137587308883667,0.4056144058704376,0.23732703924179077,0.3745934069156647,0.24178120493888855,0.34829533100128174,0.1961376667022705,0.46496790647506714,0.20426826179027557,0.4271332323551178,0.2095300406217575,0.40352195501327515,0.2149459421634674,0.3815213739871979,,,,,,,,,,,,,,,,,,,,,,,,,,,,,,,,,,,,,,,,,,
6,a,0.7694665789604187,0.6544047594070435,0.7353833913803101,0.6013699769973755,0.7361566424369812,0.5322309732437134,0.7523326277732849,0.4847704768180847,0.7714545726776123,0.44078317284584045,0.8061395883560181,0.5271406769752502,0.7243266105651855,0.5535471439361572,0.7162497043609619,0.5758887529373169,0.7405059933662415,0.5766251683235168,0.8320576548576355,0.5636837482452393,0.7340582013130188,0.5959054231643677,0.7319432497024536,0.6116520762443542,0.7578338980674744,0.6068796515464783,0.8438912034034729,0.6046663522720337,0.7525413632392883,0.6297797560691833,0.7492045164108276,0.6406553983688354,0.7717751860618591,0.635214626789093,0.8475692272186279,0.6442098021507263,0.778171718120575,0.6603600382804871,0.7754368185997009,0.6632363796234131,0.7966994047164917,0.656527042388916,,,,,,,,,,,,,,,,,,,,,,,,,,,,,,,,,,,,,,,,,,
7,c,0.6550627946853638,0.5847646594047546,0.6203705668449402,0.5703356266021729,0.5915194153785706,0.5482205152511597,0.565281867980957,0.5360199213027954,0.545502781867981,0.5236132144927979,0.6250284910202026,0.49109476804733276,0.6233583092689514,0.4493161141872406,0.5994413495063782,0.4457203149795532,0.58021479845047,0.4512750506401062,0.637938380241394,0.49250197410583496,0.6331408619880676,0.4437118470668793,0.6040975451469421,0.44105735421180725,0.5854366421699524,0.4510706067085266,0.6489298939704895,0.5004855394363403,0.6453521847724915,0.455941379070282,0.6155960559844971,0.4524296522140503,0.5950644016265869,0.45993277430534363,0.6578770875930786,0.5140897631645203,0.6507294178009033,0.4812896251678467,0.6287615299224854,0.469171404838562,0.6106746196746826,0.46628111600875854,,,,,,,,,,,,,,,,,,,,,,,,,,,,,,,,,,,,,,,,,,
8,c,0.33510828018188477,0.5381796956062317,0.3753452003002167,0.5328991413116455,0.4136556386947632,0.5149723887443542,0.44721415638923645,0.5157253742218018,0.47445937991142273,0.5221061706542969,0.3926689624786377,0.4544665217399597,0.4174433648586273,0.4201370179653168,0.4461900293827057,0.42007073760032654,0.4619252681732178,0.42603087425231934,0.37343937158584595,0.45113423466682434,0.4231460690498352,0.45113295316696167,0.4210524260997772,0.48325076699256897,0.4080124497413635,0.49256399273872375,0.3580695688724518,0.46091216802597046,0.4061138927936554,0.4673861265182495,0.401904821395874,0.4954175055027008,0.3855575621128082,0.498078852891922,0.345580518245697,0.47735676169395447,0.3844459354877472,0.48665791749954224,0.38146594166755676,0.5025523900985718,0.36569905281066895,0.49904969334602356,,,,,,,,,,,,,,,,,,,,,,,,,,,,,,,,,,,,,,,,,,
9,a,0.42572012543678284,0.6751595139503479,0.43906277418136597,0.6499687433242798,0.44381311535835266,0.6225942969322205,0.4431372284889221,0.6001420617103577,0.4396246671676636,0.5780287384986877,0.4218888282775879,0.6321637630462646,0.458886057138443,0.6491764187812805,0.45302098989486694,0.6515889763832092,0.43910345435142517,0.6463990807533264,0.4098846912384033,0.6494727730751038,0.4516488313674927,0.6670545339584351,0.44435593485832214,0.6632566452026367,0.4313974678516388,0.6572832465171814,0.40378499031066895,0.6667109131813049,0.44168415665626526,0.6811482906341553,0.4362541735172272,0.676925003528595,0.4249822497367859,0.6704471707344055,0.40136033296585083,0.6815999746322632,0.4302525520324707,0.6910160183906555,0.4271377921104431,0.6877962946891785,0.41642993688583374,0.6841832399368286,,,,,,,,,,,,,,,,,,,,,,,,,,,,,,,,,,,,,,,,,,
10,a,0.31791067123413086,0.6318095922470093,0.33360862731933594,0.5967398881912231,0.3557131886482239,0.568626880645752,0.3694252371788025,0.5461685657501221,0.3655610680580139,0.5245064496994019,0.3767396807670593,0.5730924010276794,0.4123747944831848,0.5774786472320557,0.40101802349090576,0.5852585434913635,0.3878946602344513,0.5859314799308777,0.3824864625930786,0.5954465270042419,0.41675853729248047,0.5992242097854614,0.4053436815738678,0.6049631834030151,0.3921842873096466,0.6046357750892639,0.385764479637146,0.6181777119636536,0.41583359241485596,0.6174020767211914,0.40465936064720154,0.6223397850990295,0.3912542462348938,0.6230350732803345,0.3862607777118683,0.6388592720031738,0.40794238448143005,0.636403501033783,0.3985028862953186,0.6386394500732422,0.38778403401374817,0.6395304203033447,,,,,,,,,,,,,,,,,,,,,,,,,,,,,,,,,,,,,,,,,,
11,b,0.3246766924858093,0.5727466940879822,0.357101708650589,0.5483355522155762,0.3724033534526825,0.5093593001365662,0.3492951989173889,0.4768895208835602,0.3198643922805786,0.4691106379032135,0.36197829246520996,0.46786531805992126,0.36688119173049927,0.42660385370254517,0.36638888716697693,0.40149572491645813,0.36428648233413696,0.3794781267642975,0.3403973877429962,0.46360835433006287,0.34639716148376465,0.4190615117549896,0.3479905128479004,0.38989073038101196,0.3478667438030243,0.3656899929046631,0.3210543394088745,0.467221200466156,0.32209187746047974,0.4267052710056305,0.3240937292575836,0.4009096026420593,0.3239223062992096,0.37991639971733093,0.30131256580352783,0.4768674671649933,0.3041626214981079,0.4436374604701996,0.30540788173675537,0.4212125539779663,0.304633229970932,0.40148448944091797,,,,,,,,,,,,,,,,,,,,,,,,,,,,,,,,,,,,,,,,,,
12,c,0.3542580008506775,0.5484364628791809,0.4004845917224884,0.5313502550125122,0.426328182220459,0.5100150108337402,0.4510035514831543,0.4976096451282501,0.47562211751937866,0.48915550112724304,0.3968704044818878,0.44644397497177124,0.43546178936958313,0.4619812071323395,0.42845776677131653,0.48218849301338196,0.41886043548583984,0.48603200912475586,0.38636142015457153,0.44946229457855225,0.4406411945819855,0.48182734847068787,0.4258878529071808,0.4977607727050781,0.4101954996585846,0.4914278984069824,0.38017788529396057,0.4595578610897064,0.429106205701828,0.4944271743297577,0.4148789644241333,0.509256899356842,0.4011259078979492,0.5038322806358337,0.3763525187969208,0.47476640343666077,0.4137725234031677,0.5033381581306458,0.4024965465068817,0.5156155824661255,0.3896385133266449,0.5110328793525696,,,,,,,,,,,,,,,,,,,,,,,,,,,,,,,,,,,,,,,,,,
13,a,0.6437779068946838,0.6803745031356812,0.6277128458023071,0.6441197991371155,0.625512957572937,0.6075786352157593,0.6303258538246155,0.5795080065727234,0.640497624874115,0.5510815978050232,0.6562368273735046,0.6284958720207214,0.6010682582855225,0.6312296986579895,0.6013314723968506,0.6352412700653076,0.6162896752357483,0.6341359615325928,0.6617957949638367,0.6547673940658569,0.5965476036071777,0.6559904217720032,0.6052931547164917,0.6562602519989014,0.621882438659668,0.6563253402709961,0.6603969931602478,0.6785012483596802,0.6003613471984863,0.6763260960578918,0.6091249585151672,0.676887571811676,0.6241213083267212,0.6779160499572754,0.6535752415657043,0.7005521059036255,0.6110700964927673,0.6965885758399963,0.6176260113716125,0.6957970857620239,0.6305604577064514,0.6972800493240356,,,,,,,,,,,,,,,,,,,,,,,,,,,,,,,,,,,,,,,,,,
14,b,0.28444117307662964,0.6585997343063354,0.3253892660140991,0.6301612854003906,0.3405212461948395,0.5952224135398865,0.34274011850357056,0.5712173581123352,0.3227846026420593,0.5660856366157532,0.3102586567401886,0.5451977849006653,0.31056809425354004,0.5021679997444153,0.3121466338634491,0.47191184759140015,0.3118259310722351,0.44674867391586304,0.2958264648914337,0.550238311290741,0.3002295196056366,0.4986957013607025,0.3053077161312103,0.4612612724304199,0.3057722747325897,0.4300987720489502,0.282272607088089,0.56342613697052,0.28509026765823364,0.5136032700538635,0.2881244421005249,0.47908201813697815,0.2888779044151306,0.4489648938179016,0.2709242105484009,0.5821362137794495,0.27441591024398804,0.5431676506996155,0.2785869836807251,0.5160261988639832,0.28107529878616333,0.4921621084213257,,,,,,,,,,,,,,,,,,,,,,,,,,,,,,,,,,,,,,,,,,
15,c,0.8660487532615662,0.6418203115463257,0.7922581434249878,0.5991117358207703,0.7382760047912598,0.5554039478302002,0.6919121146202087,0.5353549122810364,0.6473449468612671,0.5266600251197815,0.7827348113059998,0.4555095136165619,0.7371529340744019,0.4006338119506836,0.697984516620636,0.3876234292984009,0.6675975918769836,0.38554900884628296,0.8124387264251709,0.45340707898139954,0.7243422269821167,0.4878254234790802,0.7318436503410339,0.547800600528717,0.7620987892150879,0.560753583908081,0.8351654410362244,0.4728866219520569,0.7461457252502441,0.5116395950317383,0.7636381387710571,0.5608444213867188,0.7960482239723206,0.5659027695655823,0.8511737585067749,0.5005174279212952,0.7814328670501709,0.5216346383094788,0.7839081287384033,0.5535888075828552,0.804714024066925,0.5592610836029053,,,,,,,,,,,,,,,,,,,,,,,,,,,,,,,,,,,,,,,,,,
16,b,0.3456345796585083,0.5244775414466858,0.37318333983421326,0.5071032643318176,0.3836234509944916,0.4787251353263855,0.3860568106174469,0.4613693952560425,0.3791130781173706,0.4612524211406708,0.3695144057273865,0.4455929398536682,0.36821529269218445,0.41324564814567566,0.3676980435848236,0.3929216265678406,0.36656850576400757,0.37593433260917664,0.362459272146225,0.4442986249923706,0.3611263930797577,0.40832793712615967,0.3609505593776703,0.3843018412590027,0.35931074619293213,0.3653637766838074,0.35473164916038513,0.4467095136642456,0.35387006402015686,0.4115493893623352,0.35369670391082764,0.38807305693626404,0.3521687686443329,0.3694649040699005,0.3466235399246216,0.45348691940307617,0.34645894169807434,0.4247130751609802,0.3485116958618164,0.4063682556152344,0.34984517097473145,0.3914731740951538,,,,,,,,,,,,,,,,,,,,,,,,,,,,,,,,,,,,,,,,,,
17,b,0.3260806202888489,0.5787584185600281,0.3534570336341858,0.5622357130050659,0.3692055642604828,0.5253430008888245,0.3690415918827057,0.49887022376060486,0.3489271402359009,0.4959774613380432,0.344407320022583,0.4774716794490814,0.34218278527259827,0.43854954838752747,0.3414885699748993,0.4122574031352997,0.340543270111084,0.38879260420799255,0.33297398686408997,0.4773968756198883,0.3337876498699188,0.4337402284145355,0.33494341373443604,0.4027045667171478,0.3348260819911957,0.37553679943084717,0.3211250603199005,0.48512327671051025,0.3230072855949402,0.4411250352859497,0.32368627190589905,0.41146430373191833,0.32375797629356384,0.3850248456001282,0.30920329689979553,0.498619019985199,0.3100892901420593,0.4628656208515167,0.3125217854976654,0.438130646944046,0.3149954378604889,0.4165846109390259,,,,,,,,,,,,,,,,,,,,,,,,,,,,,,,,,,,,,,,,,,
18,c,0.310738205909729,0.5279818773269653,0.3435806632041931,0.5231592059135437,0.3693629503250122,0.5113993287086487,0.39071375131607056,0.5087686777114868,0.41054707765579224,0.5070244669914246,0.35989803075790405,0.4526255428791046,0.3724369704723358,0.42669904232025146,0.38590914011001587,0.43125611543655396,0.39979785680770874,0.4388781785964966,0.3522888720035553,0.44991689920425415,0.3530932068824768,0.4095084071159363,0.3658985197544098,0.39117133617401123,0.37922897934913635,0.3764270842075348,0.3438242971897125,0.45390668511390686,0.34405481815338135,0.4151636064052582,0.35377904772758484,0.39436063170433044,0.36446452140808105,0.377372145652771,0.3355572819709778,0.46471673250198364,0.33159732818603516,0.43673399090766907,0.337323933839798,0.42037731409072876,0.34571826457977295,0.40598800778388977,,,,,,,,,,,,,,,,,,,,,,,,,,,,,,,,,,,,,,,,,,
19,b,0.6379435062408447,0.6564232110977173,0.606141984462738,0.6354861259460449,0.5917983651161194,0.6037067174911499,0.6022278070449829,0.5796573162078857,0.613518238067627,0.5597158074378967,0.6087191104888916,0.5537686944007874,0.6160141229629517,0.5127845406532288,0.6238349080085754,0.48834535479545593,0.6322457790374756,0.46735715866088867,0.6297769546508789,0.5547088384628296,0.6383926272392273,0.5090550184249878,0.6464300155639648,0.4797488749027252,0.6551589965820312,0.4540488123893738,0.647954523563385,0.5636550188064575,0.6574721336364746,0.5228789448738098,0.6649664044380188,0.49713635444641113,0.671530544757843,0.474835604429245,0.6653348803520203,0.5792999863624573,0.6724041700363159,0.5469889640808105,0.6766408085823059,0.525017499923706,0.6807933449745178,0.5049723386764526,,,,,,,,,,,,,,,,,,,,,,,,,,,,,,,,,,,,,,,,,,
20,a,0.20907051861286163,0.7324049472808838,0.2348177582025528,0.6919891238212585,0.2462398111820221,0.6521411538124084,0.24336476624011993,0.6213158369064331,0.2345457822084427,0.5822016596794128,0.21362027525901794,0.6977605223655701,0.28372982144355774,0.7132346630096436,0.2792401611804962,0.7080118656158447,0.25818726420402527,0.6986585259437561,0.19583414494991302,0.7364099621772766,0.2823220193386078,0.7523881793022156,0.272081196308136,0.742638349533081,0.24916060268878937,0.7334543466567993,0.19250819087028503,0.7687133550643921,0.27221646904945374,0.7810268402099609,0.2640312910079956,0.7718185782432556,0.24365340173244476,0.7621753215789795,0.19499512016773224,0.7936674356460571,0.2542685270309448,0.8043633103370667,0.25089117884635925,0.796205997467041,0.23602794110774994,0.7910062074661255,,,,,,,,,,,,,,,,,,,,,,,,,,,,,,,,,,,,,,,,,,
21,c,0.2276461273431778,0.4799709916114807,0.26877814531326294,0.47929948568344116,0.3117465078830719,0.4634019434452057,0.3430873155593872,0.4573846459388733,0.36568549275398254,0.4436127245426178,0.2901448905467987,0.39696004986763,0.3033270537853241,0.3540167808532715,0.3278793394565582,0.34585779905319214,0.3443225920200348,0.3459438681602478,0.270934522151947,0.390009343624115,0.3125639855861664,0.39627718925476074,0.2999899685382843,0.43070366978645325,0.28589674830436707,0.43682193756103516,0.2508181929588318,0.39214998483657837,0.29161256551742554,0.4070989787578583,0.2802773714065552,0.4368435740470886,0.2656049430370331,0.4361095428466797,0.22892001271247864,0.399267315864563,0.26455938816070557,0.4125044643878937,0.26040902733802795,0.43521443009376526,0.24617530405521393,0.4343348443508148,,,,,,,,,,,,,,,,,,,,,,,,,,,,,,,,,,,,,,,,,,
22,b,0.2977869212627411,0.5351636409759521,0.3312250077724457,0.5119620561599731,0.3463556170463562,0.47619691491127014,0.337760865688324,0.4475334584712982,0.3179777264595032,0.44157055020332336,0.3257712721824646,0.42631542682647705,0.32568359375,0.38759130239486694,0.3275952935218811,0.36104580760002136,0.3288944959640503,0.33741021156311035,0.3119522035121918,0.42619550228118896,0.31600165367126465,0.3824276924133301,0.3200201392173767,0.35136839747428894,0.32219257950782776,0.32387447357177734,0.2983398139476776,0.43262648582458496,0.30273938179016113,0.3895739018917084,0.3075055778026581,0.3603331744670868,0.30978938937187195,0.3348879814147949,0.28381064534187317,0.44398370385169983,0.28863370418548584,0.4092719256877899,0.293256551027298,0.38544538617134094,0.2960626780986786,0.3635522127151489,,,,,,,,,,,,,,,,,,,,,,,,,,,,,,,,,,,,,,,,,,
23,c,0.7526921033859253,0.737259030342102,0.7135473489761353,0.7431846857070923,0.6909196972846985,0.7623019814491272,0.6759935021400452,0.7826316952705383,0.6571102738380432,0.7939465045928955,0.7134542465209961,0.7731725573539734,0.686935305595398,0.8042245507240295,0.6722546219825745,0.8103315830230713,0.6682714819908142,0.8080536127090454,0.7367005944252014,0.7827088236808777,0.7064732909202576,0.8130940794944763,0.6930479407310486,0.8125083446502686,0.6907973885536194,0.8066221475601196,0.7563687562942505,0.7887914776802063,0.7298901677131653,0.820267915725708,0.7148521542549133,0.8180668354034424,0.7120634913444519,0.8096323013305664,0.7726653814315796,0.7918336987495422,0.7579894661903381,0.8193774819374084,0.7429937124252319,0.8197917938232422,0.7357092499732971,0.8134872913360596,0.3296692669391632,0.3596610724925995,0.36240944266319275,0.3543508052825928,0.3817479610443115,0.3380774259567261,0.3943602442741394,0.3270314633846283,0.3861548900604248,0.3198796212673187,0.3530665934085846,0.2851603627204895,0.34544065594673157,0.24862228333950043,0.3651459813117981,0.2500073313713074,0.3725714087486267,0.2652631998062134,0.3389517366886139,0.2842543125152588,0.3261662721633911,0.24241158366203308,0.34955906867980957,0.24698638916015625,0.357052206993103,0.26479625701904297,0.32517391443252563,0.28634536266326904,0.31207075715065,0.24886080622673035,0.3356078863143921,0.25185510516166687,0.34386277198791504,0.2678582966327667,0.31117144227027893,0.29336264729499817,0.2998507618904114,0.2640482187271118,0.3166377544403076,0.2617698311805725,0.32777366042137146,0.27114930748939514
24,a,0.26554661989212036,0.5525645017623901,0.28699204325675964,0.5093797445297241,0.29805096983909607,0.4660850763320923,0.2914597988128662,0.4337525963783264,0.27810728549957275,0.4059222936630249,0.2833203971385956,0.4660388231277466,0.33581244945526123,0.4830179214477539,0.32991963624954224,0.4995681047439575,0.314644455909729,0.49940812587738037,0.2691058814525604,0.49059855937957764,0.33286386728286743,0.5114811062812805,0.3200383484363556,0.5231203436851501,0.30209317803382874,0.5195280909538269,0.26105427742004395,0.5171836018562317,0.3202265501022339,0.5351674556732178,0.3085154891014099,0.5428603887557983,0.292757123708725,0.5389445424079895,0.2558683454990387,0.5416077971458435,0.3036763072013855,0.5546705722808838,0.2967841923236847,0.5566498637199402,0.28112921118736267,0.5522090196609497,,,,,,,,,,,,,,,,,,,,,,,,,,,,,,,,,,,,,,,,,,
25,c,0.16609054803848267,0.5060937404632568,0.21935991942882538,0.4903649389743805,0.2593415677547455,0.46952521800994873,0.2951647639274597,0.46512579917907715,0.3215544819831848,0.46589764952659607,0.21588444709777832,0.39906400442123413,0.25820526480674744,0.37200334668159485,0.2914412319660187,0.380264550447464,0.314087837934494,0.39934155344963074,0.20921753346920013,0.40037330985069275,0.2678869366645813,0.3682936728000641,0.2991637885570526,0.3824174106121063,0.31184282898902893,0.40725696086883545,0.20885324478149414,0.4069020748138428,0.2549803555011749,0.3715987503528595,0.2883412837982178,0.3808123767375946,0.3044639825820923,0.40192899107933044,0.21382614970207214,0.42118382453918457,0.2453162670135498,0.3888353407382965,0.2727324962615967,0.38863039016723633,0.2920432984828949,0.4001043736934662,,,,,,,,,,,,,,,,,,,,,,,,,,,,,,,,,,,,,,,,,,
26,a,0.27104753255844116,0.7970749735832214,0.29534295201301575,0.7580470442771912,0.3178807199001312,0.7143347263336182,0.318219929933548,0.6774580478668213,0.3155898451805115,0.641457736492157,0.3010997176170349,0.7360247373580933,0.36430805921554565,0.7633716464042664,0.35322636365890503,0.7686704993247986,0.3335643410682678,0.7614535689353943,0.2865753471851349,0.7697129249572754,0.3588446378707886,0.7954860925674438,0.34071627259254456,0.7935188412666321,0.3184190094470978,0.7859234809875488,0.2801447808742523,0.8025959730148315,0.34497740864753723,0.8253681063652039,0.32837679982185364,0.8198289275169373,0.30993005633354187,0.8100730776786804,0.2764080762863159,0.8291122913360596,0.3231140673160553,0.8477927446365356,0.3114379346370697,0.841365396976471,0.29404959082603455,0.8329949378967285,,,,,,,,,,,,,,,,,,,,,,,,,,,,,,,,,,,,,,,,,,
27,b,0.38181182742118835,0.6320677399635315,0.41798722743988037,0.6088438630104065,0.43701422214508057,0.5652359127998352,0.41854459047317505,0.5316420793533325,0.3898022472858429,0.5349077582359314,0.42368295788764954,0.5170231461524963,0.4234776496887207,0.47441738843917847,0.42255812883377075,0.44758960604667664,0.42228829860687256,0.4246505796909332,0.4013666808605194,0.5142205953598022,0.40013977885246277,0.46526390314102173,0.40118488669395447,0.43329593539237976,0.4018512964248657,0.407264769077301,0.3814997971057892,0.5220999121665955,0.3796347975730896,0.4760631024837494,0.38002219796180725,0.4465917646884918,0.380001425743103,0.42196911573410034,0.3629404604434967,0.5378055572509766,0.3617931306362152,0.5054017901420593,0.3630523979663849,0.48423460125923157,0.36412349343299866,0.4647670388221741,,,,,,,,,,,,,,,,,,,,,,,,,,,,,,,,,,,,,,,,,,
28,b,0.3887472450733185,0.6083410978317261,0.41555753350257874,0.5869849324226379,0.43029630184173584,0.5497077703475952,0.41296282410621643,0.5232859253883362,0.38326823711395264,0.5217338800430298,0.4252466857433319,0.5025321841239929,0.42535001039505005,0.46129143238067627,0.42377033829689026,0.43609216809272766,0.42108091711997986,0.4144529700279236,0.40693455934524536,0.499794065952301,0.40824660658836365,0.4544130861759186,0.4089348018169403,0.4231700301170349,0.407450407743454,0.3980204463005066,0.3891543745994568,0.5053611993789673,0.38928914070129395,0.46303093433380127,0.3914383053779602,0.4353176951408386,0.391567200422287,0.41296645998954773,0.37085944414138794,0.5173413157463074,0.3706410825252533,0.48298633098602295,0.37286534905433655,0.4620407819747925,0.3743820786476135,0.44370585680007935,,,,,,,,,,,,,,,,,,,,,,,,,,,,,,,,,,,,,,,,,,
29,a,0.4046553671360016,0.6296666264533997,0.4297232925891876,0.5971561074256897,0.4530777633190155,0.5669547915458679,0.4657841622829437,0.5423175096511841,0.46649226546287537,0.5255117416381836,0.42044058442115784,0.5636029243469238,0.4762148857116699,0.5835049748420715,0.4673500955104828,0.5907427072525024,0.4516233205795288,0.5862387418746948,0.4078589081764221,0.5888335704803467,0.4694336950778961,0.6061776280403137,0.4567814767360687,0.6065678596496582,0.43895530700683594,0.6015485525131226,0.4031028151512146,0.6125249862670898,0.46129849553108215,0.6254934668540955,0.44737985730171204,0.6235206127166748,0.4305117428302765,0.619171142578125,0.40329766273498535,0.6337719559669495,0.45157477259635925,0.639954149723053,0.43921464681625366,0.638278603553772,0.41920486092567444,0.6343514919281006,,,,,,,,,,,,,,,,,,,,,,,,,,,,,,,,,,,,,,,,,,
30,c,0.2694127559661865,0.6278055906295776,0.3117070496082306,0.6262555718421936,0.346576988697052,0.6160303950309753,0.37513279914855957,0.61710125207901,0.40306949615478516,0.6205365061759949,0.3303324580192566,0.5471794605255127,0.3466748595237732,0.5053983926773071,0.37225520610809326,0.5010368824005127,0.39296796917915344,0.5069662928581238,0.3216003477573395,0.5435015559196472,0.34136277437210083,0.49529197812080383,0.37156161665916443,0.4965210556983948,0.3908937871456146,0.5107595920562744,0.31454598903656006,0.5460032820701599,0.33569374680519104,0.500241219997406,0.36523717641830444,0.4983260929584503,0.383150190114975,0.5089288949966431,0.30954575538635254,0.5546622276306152,0.3299262821674347,0.5213065147399902,0.35272324085235596,0.5138730406761169,0.3693617880344391,0.5158716440200806,,,,,,,,,,,,,,,,,,,,,,,,,,,,,,,,,,,,,,,,,,
31,a,0.2730260491371155,0.7441383600234985,0.2913849353790283,0.7080990076065063,0.31909674406051636,0.6679126620292664,0.3255241811275482,0.6336144208908081,0.32152652740478516,0.6003409624099731,0.31795528531074524,0.670540988445282,0.3804497718811035,0.6813807487487793,0.370120108127594,0.69791179895401,0.3508009910583496,0.6975563764572144,0.3089364767074585,0.6967345476150513,0.37880587577819824,0.7095551490783691,0.3633337616920471,0.7221567034721375,0.3399147093296051,0.718876302242279,0.3019680082798004,0.7272487282752991,0.3689410984516144,0.7389930486679077,0.35385680198669434,0.746947169303894,0.3326663076877594,0.7433128356933594,0.2971615493297577,0.757540225982666,0.35181453824043274,0.7661342620849609,0.3429809510707855,0.7682515978813171,0.3243134319782257,0.7640424370765686,,,,,,,,,,,,,,,,,,,,,,,,,,,,,,,,,,,,,,,,,,
32,b,0.8175202012062073,0.6526923179626465,0.7628673315048218,0.6065071821212769,0.7491325736045837,0.5485450625419617,0.7470177412033081,0.5071111917495728,0.7605898976325989,0.5011147856712341,0.7719988226890564,0.4794275462627411,0.7751734256744385,0.41612571477890015,0.7772586345672607,0.374463826417923,0.7817030549049377,0.33919745683670044,0.787380039691925,0.4812737703323364,0.7912759780883789,0.409554123878479,0.7956455945968628,0.35989874601364136,0.8019524216651917,0.31750184297561646,0.8019247651100159,0.49549832940101624,0.8090259432792664,0.42542266845703125,0.8131491541862488,0.3797992765903473,0.8160126805305481,0.3425620198249817,0.8143662810325623,0.5198330879211426,0.8215543627738953,0.46874308586120605,0.8216593861579895,0.43326595425605774,0.8203362226486206,0.402885377407074,,,,,,,,,,,,,,,,,,,,,,,,,,,,,,,,,,,,,,,,,,
